Da Bic Boi,~
FranchescoEnzo,&
Dun Deal,@
CleanerThanRotom-W,%
DavidJ,@
Indefinite Minimum,+
sbet777,%
Quilavaa,@
Lasers,@
alaskaa,+
Omega Supreme,+
SeenBean,+
Ralphonso,%
swaqqie,%
Infinite Bot,&
AElite Aknolan,%
Paper Angel,+
In 4D,%
Peppamint,@
im mr. wall,+
Absolute Maximum,~
YallThirsty,~
†BlakAir†,&
Sіlеnt Εmbers,%
,+
Twerk4Gandhi,+
Giantsdms,%
Mrs. Monopoly,+
DarknessReigns,+
nonstopkevn,&
pancakez,@
Connor the Goodra,%
Chakra,%
Félicette,@
Sacrisis,+
Dino goes Rawr,+
Korps,~
Nne,~
Catatonia,+
Valensa,+
Nikolaus Veruza,~
srm frot,~
Yоusеf,+
ToxicBlast,+
Prоfеssоr Stein,@
Ms. Sysbit,@
AssaultVestMantine,+
da bic boi2,~
inkyfeather,+
jd,+
Not Da Bic Boi,~
dac,%
SilverKill,%
InfSuggestions,$
